sample_id,prompt,image_rel_path,q1_hit_object,q2_visible_objects,q3a_visible_overlapping_objects,q3b_layer_groups_bottom_to_top
00000,"You are playing the special billiard game. Initially visible obstacles: ['C']. After the 2nd bounce, D appears. After the 5th bounce, D disappears and B appears. We make a momentary snapshot picture of the board when the ball hits something after the 2nd bounce. The question image shows the canonical board layout with all obstacle positions and layer ordering; use the legend to map colors to names. Answer the questions: 1) What is the object the ball hits at that moment? Options: ['A', 'B', 'C', 'D', 'Wall']. 2) List the names of visible objects at that moment. 3) Analyze only the visible objects that overlap with at least one other visible object at that moment: a) list their names; b) group and sort them into layers from bottom to top, e.g. [[A], [B]]. If there are no overlapping visible objects, return [] for both 3a and 3b.",images/00000_question.png,Wall,"[""C"", ""D""]",[],[]
00001,"You are playing the special billiard game. Initially there are no visible obstacles. After the 1st bounce, C appears and D appears. After the 2nd bounce, D disappears and A appears. After the 3rd bounce, A disappears and B appears. After the 4th bounce, C disappears. After the 5th bounce, D appears. We make a momentary snapshot picture of the board when the ball hits something after the 2nd bounce. The question image shows the canonical board layout with all obstacle positions and layer ordering; use the legend to map colors to names. Answer the questions: 1) What is the object the ball hits at that moment? Options: ['A', 'B', 'C', 'D', 'Wall']. 2) List the names of visible objects at that moment. 3) Analyze only the visible objects that overlap with at least one other visible object at that moment: a) list their names; b) group and sort them into layers from bottom to top, e.g. [[A], [B]]. If there are no overlapping visible objects, return [] for both 3a and 3b.",images/00001_question.png,Wall,"[""A"", ""C""]",[],[]
00002,"You are playing the special billiard game. Initially there are no visible obstacles. After the 4th bounce, A appears and D appears. After the 5th bounce, D disappears and C appears. We make a momentary snapshot picture of the board when the ball hits something after the 2nd bounce. The question image shows the canonical board layout with all obstacle positions and layer ordering; use the legend to map colors to names. Answer the questions: 1) What is the object the ball hits at that moment? Options: ['A', 'B', 'C', 'D', 'Wall']. 2) List the names of visible objects at that moment. 3) Analyze only the visible objects that overlap with at least one other visible object at that moment: a) list their names; b) group and sort them into layers from bottom to top, e.g. [[A], [B]]. If there are no overlapping visible objects, return [] for both 3a and 3b.",images/00002_question.png,Wall,[],[],[]
00003,"You are playing the special billiard game. Initially visible obstacles: ['B']. After the 1st bounce, D appears. After the 3rd bounce, D disappears. After the 5th bounce, D appears. We make a momentary snapshot picture of the board when the ball hits something after the 2nd bounce. The question image shows the canonical board layout with all obstacle positions and layer ordering; use the legend to map colors to names. Answer the questions: 1) What is the object the ball hits at that moment? Options: ['A', 'B', 'C', 'D', 'Wall']. 2) List the names of visible objects at that moment. 3) Analyze only the visible objects that overlap with at least one other visible object at that moment: a) list their names; b) group and sort them into layers from bottom to top, e.g. [[A], [B]]. If there are no overlapping visible objects, return [] for both 3a and 3b.",images/00003_question.png,D,"[""B"", ""D""]",[],[]
00004,"You are playing the special billiard game. Initially there are no visible obstacles. After the 2nd bounce, B appears. After the 5th bounce, C appears. We make a momentary snapshot picture of the board when the ball hits something after the 2nd bounce. The question image shows the canonical board layout with all obstacle positions and layer ordering; use the legend to map colors to names. Answer the questions: 1) What is the object the ball hits at that moment? Options: ['A', 'B', 'C', 'D', 'Wall']. 2) List the names of visible objects at that moment. 3) Analyze only the visible objects that overlap with at least one other visible object at that moment: a) list their names; b) group and sort them into layers from bottom to top, e.g. [[A], [B]]. If there are no overlapping visible objects, return [] for both 3a and 3b.",images/00004_question.png,Wall,"[""B""]",[],[]
00005,"You are playing the special billiard game. Initially there are no visible obstacles. After the 1st bounce, B appears and C appears. After the 2nd bounce, A appears and C disappears. After the 3rd bounce, D appears and B disappears. After the 5th bounce, D disappears and A disappears. We make a momentary snapshot picture of the board when the ball hits something after the 2nd bounce. The question image shows the canonical board layout with all obstacle positions and layer ordering; use the legend to map colors to names. Answer the questions: 1) What is the object the ball hits at that moment? Options: ['A', 'B', 'C', 'D', 'Wall']. 2) List the names of visible objects at that moment. 3) Analyze only the visible objects that overlap with at least one other visible object at that moment: a) list their names; b) group and sort them into layers from bottom to top, e.g. [[A], [B]]. If there are no overlapping visible objects, return [] for both 3a and 3b.",images/00005_question.png,B,"[""A"", ""B""]","[""A"", ""B""]","[[""B""], [""A""]]"
00006,"You are playing the special billiard game. Initially there are no visible obstacles. After the 1st bounce, D appears. After the 2nd bounce, A appears. After the 3rd bounce, D disappears and A disappears. After the 4th bounce, A appears. After the 5th bounce, C appears. We make a momentary snapshot picture of the board when the ball hits something after the 2nd bounce. The question image shows the canonical board layout with all obstacle positions and layer ordering; use the legend to map colors to names. Answer the questions: 1) What is the object the ball hits at that moment? Options: ['A', 'B', 'C', 'D', 'Wall']. 2) List the names of visible objects at that moment. 3) Analyze only the visible objects that overlap with at least one other visible object at that moment: a) list their names; b) group and sort them into layers from bottom to top, e.g. [[A], [B]]. If there are no overlapping visible objects, return [] for both 3a and 3b.",images/00006_question.png,A,"[""A"", ""D""]","[""A"", ""D""]","[[""A""], [""D""]]"
00007,"You are playing the special billiard game. Initially there are no visible obstacles. After the 2nd bounce, D appears. After the 4th bounce, C appears. After the 5th bounce, B appears. We make a momentary snapshot picture of the board when the ball hits something after the 2nd bounce. The question image shows the canonical board layout with all obstacle positions and layer ordering; use the legend to map colors to names. Answer the questions: 1) What is the object the ball hits at that moment? Options: ['A', 'B', 'C', 'D', 'Wall']. 2) List the names of visible objects at that moment. 3) Analyze only the visible objects that overlap with at least one other visible object at that moment: a) list their names; b) group and sort them into layers from bottom to top, e.g. [[A], [B]]. If there are no overlapping visible objects, return [] for both 3a and 3b.",images/00007_question.png,Wall,"[""D""]",[],[]
00008,"You are playing the special billiard game. Initially there are no visible obstacles. After the 2nd bounce, A appears. After the 3rd bounce, A disappears and B appears. After the 4th bounce, A appears. We make a momentary snapshot picture of the board when the ball hits something after the 2nd bounce. The question image shows the canonical board layout with all obstacle positions and layer ordering; use the legend to map colors to names. Answer the questions: 1) What is the object the ball hits at that moment? Options: ['A', 'B', 'C', 'D', 'Wall']. 2) List the names of visible objects at that moment. 3) Analyze only the visible objects that overlap with at least one other visible object at that moment: a) list their names; b) group and sort them into layers from bottom to top, e.g. [[A], [B]]. If there are no overlapping visible objects, return [] for both 3a and 3b.",images/00008_question.png,Wall,"[""A""]",[],[]
00009,"You are playing the special billiard game. Initially there are no visible obstacles. After the 1st bounce, A appears. After the 3rd bounce, B appears. After the 4th bounce, C appears. After the 5th bounce, D appears and A disappears. We make a momentary snapshot picture of the board when the ball hits something after the 2nd bounce. The question image shows the canonical board layout with all obstacle positions and layer ordering; use the legend to map colors to names. Answer the questions: 1) What is the object the ball hits at that moment? Options: ['A', 'B', 'C', 'D', 'Wall']. 2) List the names of visible objects at that moment. 3) Analyze only the visible objects that overlap with at least one other visible object at that moment: a) list their names; b) group and sort them into layers from bottom to top, e.g. [[A], [B]]. If there are no overlapping visible objects, return [] for both 3a and 3b.",images/00009_question.png,Wall,"[""A""]",[],[]
00010,"You are playing the special billiard game. Initially visible obstacles: ['C']. After the 1st bounce, B appears. After the 2nd bounce, A appears. After the 3rd bounce, A disappears. After the 4th bounce, A appears. After the 5th bounce, D appears. We make a momentary snapshot picture of the board when the ball hits something after the 2nd bounce. The question image shows the canonical board layout with all obstacle positions and layer ordering; use the legend to map colors to names. Answer the questions: 1) What is the object the ball hits at that moment? Options: ['A', 'B', 'C', 'D', 'Wall']. 2) List the names of visible objects at that moment. 3) Analyze only the visible objects that overlap with at least one other visible object at that moment: a) list their names; b) group and sort them into layers from bottom to top, e.g. [[A], [B]]. If there are no overlapping visible objects, return [] for both 3a and 3b.",images/00010_question.png,A,"[""A"", ""B"", ""C""]","[""A"", ""B"", ""C""]","[[""A""], [""B""], [""C""]]"
00011,"You are playing the special billiard game. Initially there are no visible obstacles. After the 1st bounce, B appears and C appears. After the 3rd bounce, A appears. After the 4th bounce, C disappears and B disappears. After the 5th bounce, D appears. We make a momentary snapshot picture of the board when the ball hits something after the 2nd bounce. The question image shows the canonical board layout with all obstacle positions and layer ordering; use the legend to map colors to names. Answer the questions: 1) What is the object the ball hits at that moment? Options: ['A', 'B', 'C', 'D', 'Wall']. 2) List the names of visible objects at that moment. 3) Analyze only the visible objects that overlap with at least one other visible object at that moment: a) list their names; b) group and sort them into layers from bottom to top, e.g. [[A], [B]]. If there are no overlapping visible objects, return [] for both 3a and 3b.",images/00011_question.png,Wall,"[""B"", ""C""]",[],[]
00012,"You are playing the special billiard game. Initially there are no visible obstacles. After the 1st bounce, B appears. After the 2nd bounce, A appears. After the 3rd bounce, D appears and B disappears. After the 4th bounce, D disappears. After the 5th bounce, C appears. We make a momentary snapshot picture of the board when the ball hits something after the 2nd bounce. The question image shows the canonical board layout with all obstacle positions and layer ordering; use the legend to map colors to names. Answer the questions: 1) What is the object the ball hits at that moment? Options: ['A', 'B', 'C', 'D', 'Wall']. 2) List the names of visible objects at that moment. 3) Analyze only the visible objects that overlap with at least one other visible object at that moment: a) list their names; b) group and sort them into layers from bottom to top, e.g. [[A], [B]]. If there are no overlapping visible objects, return [] for both 3a and 3b.",images/00012_question.png,Wall,"[""A"", ""B""]",[],[]
00013,"You are playing the special billiard game. Initially there are no visible obstacles. After the 4th bounce, A appears and C appears. After the 5th bounce, C disappears and A disappears. We make a momentary snapshot picture of the board when the ball hits something after the 2nd bounce. The question image shows the canonical board layout with all obstacle positions and layer ordering; use the legend to map colors to names. Answer the questions: 1) What is the object the ball hits at that moment? Options: ['A', 'B', 'C', 'D', 'Wall']. 2) List the names of visible objects at that moment. 3) Analyze only the visible objects that overlap with at least one other visible object at that moment: a) list their names; b) group and sort them into layers from bottom to top, e.g. [[A], [B]]. If there are no overlapping visible objects, return [] for both 3a and 3b.",images/00013_question.png,Wall,[],[],[]
00014,"You are playing the special billiard game. Initially there are no visible obstacles. After the 3rd bounce, D appears and C appears. After the 4th bounce, C disappears and D disappears. After the 5th bounce, D appears. We make a momentary snapshot picture of the board when the ball hits something after the 2nd bounce. The question image shows the canonical board layout with all obstacle positions and layer ordering; use the legend to map colors to names. Answer the questions: 1) What is the object the ball hits at that moment? Options: ['A', 'B', 'C', 'D', 'Wall']. 2) List the names of visible objects at that moment. 3) Analyze only the visible objects that overlap with at least one other visible object at that moment: a) list their names; b) group and sort them into layers from bottom to top, e.g. [[A], [B]]. If there are no overlapping visible objects, return [] for both 3a and 3b.",images/00014_question.png,Wall,[],[],[]
00015,"You are playing the special billiard game. Initially visible obstacles: ['B']. After the 1st bounce, A appears. After the 2nd bounce, A disappears. After the 3rd bounce, C appears. We make a momentary snapshot picture of the board when the ball hits something after the 2nd bounce. The question image shows the canonical board layout with all obstacle positions and layer ordering; use the legend to map colors to names. Answer the questions: 1) What is the object the ball hits at that moment? Options: ['A', 'B', 'C', 'D', 'Wall']. 2) List the names of visible objects at that moment. 3) Analyze only the visible objects that overlap with at least one other visible object at that moment: a) list their names; b) group and sort them into layers from bottom to top, e.g. [[A], [B]]. If there are no overlapping visible objects, return [] for both 3a and 3b.",images/00015_question.png,Wall,"[""B""]",[],[]
00016,"You are playing the special billiard game. Initially there are no visible obstacles. After the 2nd bounce, C appears and B appears. After the 3rd bounce, C disappears. After the 5th bounce, A appears. We make a momentary snapshot picture of the board when the ball hits something after the 2nd bounce. The question image shows the canonical board layout with all obstacle positions and layer ordering; use the legend to map colors to names. Answer the questions: 1) What is the object the ball hits at that moment? Options: ['A', 'B', 'C', 'D', 'Wall']. 2) List the names of visible objects at that moment. 3) Analyze only the visible objects that overlap with at least one other visible object at that moment: a) list their names; b) group and sort them into layers from bottom to top, e.g. [[A], [B]]. If there are no overlapping visible objects, return [] for both 3a and 3b.",images/00016_question.png,Wall,"[""B"", ""C""]","[""B"", ""C""]","[[""C""], [""B""]]"
00017,"You are playing the special billiard game. Initially visible obstacles: ['C']. After the 2nd bounce, A appears. After the 3rd bounce, A disappears and B appears. After the 4th bounce, A appears and D appears. We make a momentary snapshot picture of the board when the ball hits something after the 2nd bounce. The question image shows the canonical board layout with all obstacle positions and layer ordering; use the legend to map colors to names. Answer the questions: 1) What is the object the ball hits at that moment? Options: ['A', 'B', 'C', 'D', 'Wall']. 2) List the names of visible objects at that moment. 3) Analyze only the visible objects that overlap with at least one other visible object at that moment: a) list their names; b) group and sort them into layers from bottom to top, e.g. [[A], [B]]. If there are no overlapping visible objects, return [] for both 3a and 3b.",images/00017_question.png,A,"[""A"", ""C""]",[],[]
00018,"You are playing the special billiard game. Initially there are no visible obstacles. After the 1st bounce, A appears. After the 2nd bounce, A disappears and B appears. After the 4th bounce, A appears. We make a momentary snapshot picture of the board when the ball hits something after the 2nd bounce. The question image shows the canonical board layout with all obstacle positions and layer ordering; use the legend to map colors to names. Answer the questions: 1) What is the object the ball hits at that moment? Options: ['A', 'B', 'C', 'D', 'Wall']. 2) List the names of visible objects at that moment. 3) Analyze only the visible objects that overlap with at least one other visible object at that moment: a) list their names; b) group and sort them into layers from bottom to top, e.g. [[A], [B]]. If there are no overlapping visible objects, return [] for both 3a and 3b.",images/00018_question.png,Wall,"[""B""]",[],[]
00019,"You are playing the special billiard game. Initially there are no visible obstacles. After the 1st bounce, B appears and D appears. After the 2nd bounce, D disappears and A appears. After the 3rd bounce, A disappears and D appears. After the 4th bounce, B disappears. After the 5th bounce, D disappears and A appears. We make a momentary snapshot picture of the board when the ball hits something after the 2nd bounce. The question image shows the canonical board layout with all obstacle positions and layer ordering; use the legend to map colors to names. Answer the questions: 1) What is the object the ball hits at that moment? Options: ['A', 'B', 'C', 'D', 'Wall']. 2) List the names of visible objects at that moment. 3) Analyze only the visible objects that overlap with at least one other visible object at that moment: a) list their names; b) group and sort them into layers from bottom to top, e.g. [[A], [B]]. If there are no overlapping visible objects, return [] for both 3a and 3b.",images/00019_question.png,A,"[""A"", ""B""]","[""A"", ""B""]","[[""B""], [""A""]]"
00020,"You are playing the special billiard game. Initially there are no visible obstacles. After the 3rd bounce, D appears and C appears. After the 4th bounce, D disappears and B appears. After the 5th bounce, C disappears and A appears. We make a momentary snapshot picture of the board when the ball hits something after the 2nd bounce. The question image shows the canonical board layout with all obstacle positions and layer ordering; use the legend to map colors to names. Answer the questions: 1) What is the object the ball hits at that moment? Options: ['A', 'B', 'C', 'D', 'Wall']. 2) List the names of visible objects at that moment. 3) Analyze only the visible objects that overlap with at least one other visible object at that moment: a) list their names; b) group and sort them into layers from bottom to top, e.g. [[A], [B]]. If there are no overlapping visible objects, return [] for both 3a and 3b.",images/00020_question.png,Wall,[],[],[]
00021,"You are playing the special billiard game. Initially visible obstacles: ['B']. After the 2nd bounce, A appears. After the 3rd bounce, A disappears and B disappears. After the 4th bounce, C appears. After the 5th bounce, C disappears. We make a momentary snapshot picture of the board when the ball hits something after the 2nd bounce. The question image shows the canonical board layout with all obstacle positions and layer ordering; use the legend to map colors to names. Answer the questions: 1) What is the object the ball hits at that moment? Options: ['A', 'B', 'C', 'D', 'Wall']. 2) List the names of visible objects at that moment. 3) Analyze only the visible objects that overlap with at least one other visible object at that moment: a) list their names; b) group and sort them into layers from bottom to top, e.g. [[A], [B]]. If there are no overlapping visible objects, return [] for both 3a and 3b.",images/00021_question.png,A,"[""A"", ""B""]","[""A"", ""B""]","[[""A""], [""B""]]"
00022,"You are playing the special billiard game. Initially there are no visible obstacles. After the 1st bounce, B appears and D appears. After the 2nd bounce, D disappears. After the 3rd bounce, B disappears and A appears. After the 5th bounce, B appears. We make a momentary snapshot picture of the board when the ball hits something after the 2nd bounce. The question image shows the canonical board layout with all obstacle positions and layer ordering; use the legend to map colors to names. Answer the questions: 1) What is the object the ball hits at that moment? Options: ['A', 'B', 'C', 'D', 'Wall']. 2) List the names of visible objects at that moment. 3) Analyze only the visible objects that overlap with at least one other visible object at that moment: a) list their names; b) group and sort them into layers from bottom to top, e.g. [[A], [B]]. If there are no overlapping visible objects, return [] for both 3a and 3b.",images/00022_question.png,B,"[""B""]",[],[]
00023,"You are playing the special billiard game. Initially visible obstacles: ['B']. After the 2nd bounce, A appears. After the 3rd bounce, A disappears. After the 5th bounce, B disappears. We make a momentary snapshot picture of the board when the ball hits something after the 2nd bounce. The question image shows the canonical board layout with all obstacle positions and layer ordering; use the legend to map colors to names. Answer the questions: 1) What is the object the ball hits at that moment? Options: ['A', 'B', 'C', 'D', 'Wall']. 2) List the names of visible objects at that moment. 3) Analyze only the visible objects that overlap with at least one other visible object at that moment: a) list their names; b) group and sort them into layers from bottom to top, e.g. [[A], [B]]. If there are no overlapping visible objects, return [] for both 3a and 3b.",images/00023_question.png,A,"[""A"", ""B""]","[""A"", ""B""]","[[""A""], [""B""]]"
00024,"You are playing the special billiard game. Initially there are no visible obstacles. After the 1st bounce, C appears. After the 3rd bounce, C disappears. After the 4th bounce, D appears. We make a momentary snapshot picture of the board when the ball hits something after the 2nd bounce. The question image shows the canonical board layout with all obstacle positions and layer ordering; use the legend to map colors to names. Answer the questions: 1) What is the object the ball hits at that moment? Options: ['A', 'B', 'C', 'D', 'Wall']. 2) List the names of visible objects at that moment. 3) Analyze only the visible objects that overlap with at least one other visible object at that moment: a) list their names; b) group and sort them into layers from bottom to top, e.g. [[A], [B]]. If there are no overlapping visible objects, return [] for both 3a and 3b.",images/00024_question.png,Wall,"[""C""]",[],[]
00025,"You are playing the special billiard game. Initially visible obstacles: ['C']. After the 4th bounce, B appears. After the 5th bounce, A appears. We make a momentary snapshot picture of the board when the ball hits something after the 2nd bounce. The question image shows the canonical board layout with all obstacle positions and layer ordering; use the legend to map colors to names. Answer the questions: 1) What is the object the ball hits at that moment? Options: ['A', 'B', 'C', 'D', 'Wall']. 2) List the names of visible objects at that moment. 3) Analyze only the visible objects that overlap with at least one other visible object at that moment: a) list their names; b) group and sort them into layers from bottom to top, e.g. [[A], [B]]. If there are no overlapping visible objects, return [] for both 3a and 3b.",images/00025_question.png,Wall,"[""C""]",[],[]
00026,"You are playing the special billiard game. Initially there are no visible obstacles. After the 1st bounce, C appears. After the 2nd bounce, C disappears. After the 4th bounce, C appears and D appears. After the 5th bounce, B appears. We make a momentary snapshot picture of the board when the ball hits something after the 2nd bounce. The question image shows the canonical board layout with all obstacle positions and layer ordering; use the legend to map colors to names. Answer the questions: 1) What is the object the ball hits at that moment? Options: ['A', 'B', 'C', 'D', 'Wall']. 2) List the names of visible objects at that moment. 3) Analyze only the visible objects that overlap with at least one other visible object at that moment: a) list their names; b) group and sort them into layers from bottom to top, e.g. [[A], [B]]. If there are no overlapping visible objects, return [] for both 3a and 3b.",images/00026_question.png,Wall,[],[],[]
00027,"You are playing the special billiard game. Initially there are no visible obstacles. After the 3rd bounce, C appears. After the 4th bounce, D appears and A appears. We make a momentary snapshot picture of the board when the ball hits something after the 2nd bounce. The question image shows the canonical board layout with all obstacle positions and layer ordering; use the legend to map colors to names. Answer the questions: 1) What is the object the ball hits at that moment? Options: ['A', 'B', 'C', 'D', 'Wall']. 2) List the names of visible objects at that moment. 3) Analyze only the visible objects that overlap with at least one other visible object at that moment: a) list their names; b) group and sort them into layers from bottom to top, e.g. [[A], [B]]. If there are no overlapping visible objects, return [] for both 3a and 3b.",images/00027_question.png,Wall,[],[],[]
00028,"You are playing the special billiard game. Initially visible obstacles: ['B']. After the 1st bounce, D appears. After the 2nd bounce, D disappears and B disappears. After the 3rd bounce, C appears and D appears. After the 4th bounce, A appears and D disappears. After the 5th bounce, A disappears. We make a momentary snapshot picture of the board when the ball hits something after the 2nd bounce. The question image shows the canonical board layout with all obstacle positions and layer ordering; use the legend to map colors to names. Answer the questions: 1) What is the object the ball hits at that moment? Options: ['A', 'B', 'C', 'D', 'Wall']. 2) List the names of visible objects at that moment. 3) Analyze only the visible objects that overlap with at least one other visible object at that moment: a) list their names; b) group and sort them into layers from bottom to top, e.g. [[A], [B]]. If there are no overlapping visible objects, return [] for both 3a and 3b.",images/00028_question.png,Wall,"[""B""]",[],[]
00029,"You are playing the special billiard game. Initially visible obstacles: ['C']. After the 1st bounce, A appears and C disappears. After the 3rd bounce, A disappears and D appears. After the 4th bounce, A appears. After the 5th bounce, D disappears. We make a momentary snapshot picture of the board when the ball hits something after the 2nd bounce. The question image shows the canonical board layout with all obstacle positions and layer ordering; use the legend to map colors to names. Answer the questions: 1) What is the object the ball hits at that moment? Options: ['A', 'B', 'C', 'D', 'Wall']. 2) List the names of visible objects at that moment. 3) Analyze only the visible objects that overlap with at least one other visible object at that moment: a) list their names; b) group and sort them into layers from bottom to top, e.g. [[A], [B]]. If there are no overlapping visible objects, return [] for both 3a and 3b.",images/00029_question.png,A,"[""A"", ""C""]","[""A"", ""C""]","[[""C""], [""A""]]"
00030,"You are playing the special billiard game. Initially visible obstacles: ['D']. After the 1st bounce, C appears. After the 3rd bounce, C disappears. After the 4th bounce, A appears. After the 5th bounce, B appears and A disappears. We make a momentary snapshot picture of the board when the ball hits something after the 2nd bounce. The question image shows the canonical board layout with all obstacle positions and layer ordering; use the legend to map colors to names. Answer the questions: 1) What is the object the ball hits at that moment? Options: ['A', 'B', 'C', 'D', 'Wall']. 2) List the names of visible objects at that moment. 3) Analyze only the visible objects that overlap with at least one other visible object at that moment: a) list their names; b) group and sort them into layers from bottom to top, e.g. [[A], [B]]. If there are no overlapping visible objects, return [] for both 3a and 3b.",images/00030_question.png,C,"[""C"", ""D""]",[],[]
00031,"You are playing the special billiard game. Initially visible obstacles: ['D']. After the 2nd bounce, B appears and C appears. After the 3rd bounce, C disappears. After the 4th bounce, A appears. We make a momentary snapshot picture of the board when the ball hits something after the 2nd bounce. The question image shows the canonical board layout with all obstacle positions and layer ordering; use the legend to map colors to names. Answer the questions: 1) What is the object the ball hits at that moment? Options: ['A', 'B', 'C', 'D', 'Wall']. 2) List the names of visible objects at that moment. 3) Analyze only the visible objects that overlap with at least one other visible object at that moment: a) list their names; b) group and sort them into layers from bottom to top, e.g. [[A], [B]]. If there are no overlapping visible objects, return [] for both 3a and 3b.",images/00031_question.png,Wall,"[""B"", ""C"", ""D""]","[""B"", ""C"", ""D""]","[[""D""], [""B""], [""C""]]"
00032,"You are playing the special billiard game. Initially there are no visible obstacles. After the 1st bounce, D appears. After the 2nd bounce, D disappears. After the 3rd bounce, D appears and B appears. After the 5th bounce, B disappears and D disappears. We make a momentary snapshot picture of the board when the ball hits something after the 2nd bounce. The question image shows the canonical board layout with all obstacle positions and layer ordering; use the legend to map colors to names. Answer the questions: 1) What is the object the ball hits at that moment? Options: ['A', 'B', 'C', 'D', 'Wall']. 2) List the names of visible objects at that moment. 3) Analyze only the visible objects that overlap with at least one other visible object at that moment: a) list their names; b) group and sort them into layers from bottom to top, e.g. [[A], [B]]. If there are no overlapping visible objects, return [] for both 3a and 3b.",images/00032_question.png,Wall,[],[],[]
00033,"You are playing the special billiard game. Initially there are no visible obstacles. After the 1st bounce, B appears. After the 2nd bounce, B disappears and D appears. After the 3rd bounce, B appears. After the 4th bounce, C appears and B disappears. After the 5th bounce, B appears and C disappears. We make a momentary snapshot picture of the board when the ball hits something after the 2nd bounce. The question image shows the canonical board layout with all obstacle positions and layer ordering; use the legend to map colors to names. Answer the questions: 1) What is the object the ball hits at that moment? Options: ['A', 'B', 'C', 'D', 'Wall']. 2) List the names of visible objects at that moment. 3) Analyze only the visible objects that overlap with at least one other visible object at that moment: a) list their names; b) group and sort them into layers from bottom to top, e.g. [[A], [B]]. If there are no overlapping visible objects, return [] for both 3a and 3b.",images/00033_question.png,Wall,"[""D""]",[],[]
00034,"You are playing the special billiard game. Initially there are no visible obstacles. After the 3rd bounce, C appears. After the 5th bounce, C disappears and D appears. We make a momentary snapshot picture of the board when the ball hits something after the 2nd bounce. The question image shows the canonical board layout with all obstacle positions and layer ordering; use the legend to map colors to names. Answer the questions: 1) What is the object the ball hits at that moment? Options: ['A', 'B', 'C', 'D', 'Wall']. 2) List the names of visible objects at that moment. 3) Analyze only the visible objects that overlap with at least one other visible object at that moment: a) list their names; b) group and sort them into layers from bottom to top, e.g. [[A], [B]]. If there are no overlapping visible objects, return [] for both 3a and 3b.",images/00034_question.png,Wall,[],[],[]
00035,"You are playing the special billiard game. Initially there are no visible obstacles. After the 1st bounce, A appears. After the 2nd bounce, A disappears. After the 3rd bounce, C appears and A appears. After the 4th bounce, C disappears. After the 5th bounce, A disappears and B appears. We make a momentary snapshot picture of the board when the ball hits something after the 2nd bounce. The question image shows the canonical board layout with all obstacle positions and layer ordering; use the legend to map colors to names. Answer the questions: 1) What is the object the ball hits at that moment? Options: ['A', 'B', 'C', 'D', 'Wall']. 2) List the names of visible objects at that moment. 3) Analyze only the visible objects that overlap with at least one other visible object at that moment: a) list their names; b) group and sort them into layers from bottom to top, e.g. [[A], [B]]. If there are no overlapping visible objects, return [] for both 3a and 3b.",images/00035_question.png,Wall,[],[],[]
00036,"You are playing the special billiard game. Initially there are no visible obstacles. After the 1st bounce, C appears. After the 2nd bounce, D appears. After the 3rd bounce, A appears and D disappears. After the 4th bounce, B appears and D appears. We make a momentary snapshot picture of the board when the ball hits something after the 2nd bounce. The question image shows the canonical board layout with all obstacle positions and layer ordering; use the legend to map colors to names. Answer the questions: 1) What is the object the ball hits at that moment? Options: ['A', 'B', 'C', 'D', 'Wall']. 2) List the names of visible objects at that moment. 3) Analyze only the visible objects that overlap with at least one other visible object at that moment: a) list their names; b) group and sort them into layers from bottom to top, e.g. [[A], [B]]. If there are no overlapping visible objects, return [] for both 3a and 3b.",images/00036_question.png,D,"[""C"", ""D""]",[],[]
00037,"You are playing the special billiard game. Initially there are no visible obstacles. After the 2nd bounce, B appears. After the 3rd bounce, B disappears. After the 4th bounce, B appears and A appears. We make a momentary snapshot picture of the board when the ball hits something after the 2nd bounce. The question image shows the canonical board layout with all obstacle positions and layer ordering; use the legend to map colors to names. Answer the questions: 1) What is the object the ball hits at that moment? Options: ['A', 'B', 'C', 'D', 'Wall']. 2) List the names of visible objects at that moment. 3) Analyze only the visible objects that overlap with at least one other visible object at that moment: a) list their names; b) group and sort them into layers from bottom to top, e.g. [[A], [B]]. If there are no overlapping visible objects, return [] for both 3a and 3b.",images/00037_question.png,B,"[""B""]",[],[]
00038,"You are playing the special billiard game. Initially visible obstacles: ['D']. After the 1st bounce, A appears and C appears. After the 2nd bounce, A disappears. After the 3rd bounce, A appears. After the 4th bounce, A disappears. After the 5th bounce, D disappears. We make a momentary snapshot picture of the board when the ball hits something after the 2nd bounce. The question image shows the canonical board layout with all obstacle positions and layer ordering; use the legend to map colors to names. Answer the questions: 1) What is the object the ball hits at that moment? Options: ['A', 'B', 'C', 'D', 'Wall']. 2) List the names of visible objects at that moment. 3) Analyze only the visible objects that overlap with at least one other visible object at that moment: a) list their names; b) group and sort them into layers from bottom to top, e.g. [[A], [B]]. If there are no overlapping visible objects, return [] for both 3a and 3b.",images/00038_question.png,Wall,"[""C"", ""D""]","[""C"", ""D""]","[[""D""], [""C""]]"
00039,"You are playing the special billiard game. Initially there are no visible obstacles. After the 1st bounce, A appears. After the 2nd bounce, A disappears. After the 3rd bounce, C appears. We make a momentary snapshot picture of the board when the ball hits something after the 2nd bounce. The question image shows the canonical board layout with all obstacle positions and layer ordering; use the legend to map colors to names. Answer the questions: 1) What is the object the ball hits at that moment? Options: ['A', 'B', 'C', 'D', 'Wall']. 2) List the names of visible objects at that moment. 3) Analyze only the visible objects that overlap with at least one other visible object at that moment: a) list their names; b) group and sort them into layers from bottom to top, e.g. [[A], [B]]. If there are no overlapping visible objects, return [] for both 3a and 3b.",images/00039_question.png,Wall,[],[],[]
00040,"You are playing the special billiard game. Initially visible obstacles: ['C']. After the 1st bounce, B appears. After the 2nd bounce, C disappears and D appears. After the 3rd bounce, B disappears. After the 4th bounce, A appears. We make a momentary snapshot picture of the board when the ball hits something after the 2nd bounce. The question image shows the canonical board layout with all obstacle positions and layer ordering; use the legend to map colors to names. Answer the questions: 1) What is the object the ball hits at that moment? Options: ['A', 'B', 'C', 'D', 'Wall']. 2) List the names of visible objects at that moment. 3) Analyze only the visible objects that overlap with at least one other visible object at that moment: a) list their names; b) group and sort them into layers from bottom to top, e.g. [[A], [B]]. If there are no overlapping visible objects, return [] for both 3a and 3b.",images/00040_question.png,B,"[""B"", ""C"", ""D""]","[""B"", ""C"", ""D""]","[[""B""], [""C""], [""D""]]"
00041,"You are playing the special billiard game. Initially visible obstacles: ['D']. After the 2nd bounce, B appears. After the 3rd bounce, C appears and B disappears. After the 4th bounce, A appears. After the 5th bounce, B appears. We make a momentary snapshot picture of the board when the ball hits something after the 2nd bounce. The question image shows the canonical board layout with all obstacle positions and layer ordering; use the legend to map colors to names. Answer the questions: 1) What is the object the ball hits at that moment? Options: ['A', 'B', 'C', 'D', 'Wall']. 2) List the names of visible objects at that moment. 3) Analyze only the visible objects that overlap with at least one other visible object at that moment: a) list their names; b) group and sort them into layers from bottom to top, e.g. [[A], [B]]. If there are no overlapping visible objects, return [] for both 3a and 3b.",images/00041_question.png,B,"[""B"", ""D""]",[],[]
00042,"You are playing the special billiard game. Initially visible obstacles: ['B']. After the 3rd bounce, C appears. After the 5th bounce, C disappears and A appears. We make a momentary snapshot picture of the board when the ball hits something after the 2nd bounce. The question image shows the canonical board layout with all obstacle positions and layer ordering; use the legend to map colors to names. Answer the questions: 1) What is the object the ball hits at that moment? Options: ['A', 'B', 'C', 'D', 'Wall']. 2) List the names of visible objects at that moment. 3) Analyze only the visible objects that overlap with at least one other visible object at that moment: a) list their names; b) group and sort them into layers from bottom to top, e.g. [[A], [B]]. If there are no overlapping visible objects, return [] for both 3a and 3b.",images/00042_question.png,Wall,"[""B""]",[],[]
00043,"You are playing the special billiard game. Initially visible obstacles: ['D']. After the 3rd bounce, D disappears. After the 4th bounce, B appears. After the 5th bounce, B disappears. We make a momentary snapshot picture of the board when the ball hits something after the 2nd bounce. The question image shows the canonical board layout with all obstacle positions and layer ordering; use the legend to map colors to names. Answer the questions: 1) What is the object the ball hits at that moment? Options: ['A', 'B', 'C', 'D', 'Wall']. 2) List the names of visible objects at that moment. 3) Analyze only the visible objects that overlap with at least one other visible object at that moment: a) list their names; b) group and sort them into layers from bottom to top, e.g. [[A], [B]]. If there are no overlapping visible objects, return [] for both 3a and 3b.",images/00043_question.png,Wall,"[""D""]",[],[]
00044,"You are playing the special billiard game. Initially visible obstacles: ['C']. After the 1st bounce, C disappears and D appears. After the 2nd bounce, D disappears. After the 3rd bounce, A appears. After the 4th bounce, C disappears. After the 5th bounce, B appears. We make a momentary snapshot picture of the board when the ball hits something after the 2nd bounce. The question image shows the canonical board layout with all obstacle positions and layer ordering; use the legend to map colors to names. Answer the questions: 1) What is the object the ball hits at that moment? Options: ['A', 'B', 'C', 'D', 'Wall']. 2) List the names of visible objects at that moment. 3) Analyze only the visible objects that overlap with at least one other visible object at that moment: a) list their names; b) group and sort them into layers from bottom to top, e.g. [[A], [B]]. If there are no overlapping visible objects, return [] for both 3a and 3b.",images/00044_question.png,Wall,"[""C""]",[],[]
00045,"You are playing the special billiard game. Initially there are no visible obstacles. After the 3rd bounce, B appears. After the 4th bounce, D appears. After the 5th bounce, A appears. We make a momentary snapshot picture of the board when the ball hits something after the 2nd bounce. The question image shows the canonical board layout with all obstacle positions and layer ordering; use the legend to map colors to names. Answer the questions: 1) What is the object the ball hits at that moment? Options: ['A', 'B', 'C', 'D', 'Wall']. 2) List the names of visible objects at that moment. 3) Analyze only the visible objects that overlap with at least one other visible object at that moment: a) list their names; b) group and sort them into layers from bottom to top, e.g. [[A], [B]]. If there are no overlapping visible objects, return [] for both 3a and 3b.",images/00045_question.png,Wall,[],[],[]
00046,"You are playing the special billiard game. Initially there are no visible obstacles. After the 1st bounce, B appears and C appears. After the 2nd bounce, D appears. After the 3rd bounce, D disappears and A appears. After the 4th bounce, C disappears and B disappears. We make a momentary snapshot picture of the board when the ball hits something after the 2nd bounce. The question image shows the canonical board layout with all obstacle positions and layer ordering; use the legend to map colors to names. Answer the questions: 1) What is the object the ball hits at that moment? Options: ['A', 'B', 'C', 'D', 'Wall']. 2) List the names of visible objects at that moment. 3) Analyze only the visible objects that overlap with at least one other visible object at that moment: a) list their names; b) group and sort them into layers from bottom to top, e.g. [[A], [B]]. If there are no overlapping visible objects, return [] for both 3a and 3b.",images/00046_question.png,D,"[""B"", ""C"", ""D""]","[""B"", ""C"", ""D""]","[[""D""], [""B""], [""C""]]"
00047,"You are playing the special billiard game. Initially there are no visible obstacles. After the 1st bounce, D appears and C appears. After the 2nd bounce, C disappears and B appears. After the 3rd bounce, B disappears. After the 4th bounce, C appears and A appears. After the 5th bounce, C disappears and D disappears. We make a momentary snapshot picture of the board when the ball hits something after the 2nd bounce. The question image shows the canonical board layout with all obstacle positions and layer ordering; use the legend to map colors to names. Answer the questions: 1) What is the object the ball hits at that moment? Options: ['A', 'B', 'C', 'D', 'Wall']. 2) List the names of visible objects at that moment. 3) Analyze only the visible objects that overlap with at least one other visible object at that moment: a) list their names; b) group and sort them into layers from bottom to top, e.g. [[A], [B]]. If there are no overlapping visible objects, return [] for both 3a and 3b.",images/00047_question.png,B,"[""B"", ""D""]",[],[]
00048,"You are playing the special billiard game. Initially there are no visible obstacles. After the 3rd bounce, C appears. After the 4th bounce, A appears. We make a momentary snapshot picture of the board when the ball hits something after the 2nd bounce. The question image shows the canonical board layout with all obstacle positions and layer ordering; use the legend to map colors to names. Answer the questions: 1) What is the object the ball hits at that moment? Options: ['A', 'B', 'C', 'D', 'Wall']. 2) List the names of visible objects at that moment. 3) Analyze only the visible objects that overlap with at least one other visible object at that moment: a) list their names; b) group and sort them into layers from bottom to top, e.g. [[A], [B]]. If there are no overlapping visible objects, return [] for both 3a and 3b.",images/00048_question.png,Wall,[],[],[]
00049,"You are playing the special billiard game. Initially visible obstacles: ['B']. After the 2nd bounce, D appears and A appears. After the 3rd bounce, A disappears and D disappears. After the 4th bounce, D appears. After the 5th bounce, C appears. We make a momentary snapshot picture of the board when the ball hits something after the 2nd bounce. The question image shows the canonical board layout with all obstacle positions and layer ordering; use the legend to map colors to names. Answer the questions: 1) What is the object the ball hits at that moment? Options: ['A', 'B', 'C', 'D', 'Wall']. 2) List the names of visible objects at that moment. 3) Analyze only the visible objects that overlap with at least one other visible object at that moment: a) list their names; b) group and sort them into layers from bottom to top, e.g. [[A], [B]]. If there are no overlapping visible objects, return [] for both 3a and 3b.",images/00049_question.png,A,"[""A"", ""B"", ""D""]","[""A"", ""B"", ""D""]","[[""B""], [""D""], [""A""]]"
00050,"You are playing the special billiard game. Initially visible obstacles: ['B']. After the 1st bounce, B disappears. After the 2nd bounce, D appears. After the 3rd bounce, D disappears and A appears. After the 4th bounce, A disappears and B disappears. After the 5th bounce, D appears. We make a momentary snapshot picture of the board when the ball hits something after the 2nd bounce. The question image shows the canonical board layout with all obstacle positions and layer ordering; use the legend to map colors to names. Answer the questions: 1) What is the object the ball hits at that moment? Options: ['A', 'B', 'C', 'D', 'Wall']. 2) List the names of visible objects at that moment. 3) Analyze only the visible objects that overlap with at least one other visible object at that moment: a) list their names; b) group and sort them into layers from bottom to top, e.g. [[A], [B]]. If there are no overlapping visible objects, return [] for both 3a and 3b.",images/00050_question.png,D,"[""B"", ""D""]",[],[]
00051,"You are playing the special billiard game. Initially visible obstacles: ['C']. After the 4th bounce, B appears and D appears. After the 5th bounce, D disappears and C disappears. We make a momentary snapshot picture of the board when the ball hits something after the 2nd bounce. The question image shows the canonical board layout with all obstacle positions and layer ordering; use the legend to map colors to names. Answer the questions: 1) What is the object the ball hits at that moment? Options: ['A', 'B', 'C', 'D', 'Wall']. 2) List the names of visible objects at that moment. 3) Analyze only the visible objects that overlap with at least one other visible object at that moment: a) list their names; b) group and sort them into layers from bottom to top, e.g. [[A], [B]]. If there are no overlapping visible objects, return [] for both 3a and 3b.",images/00051_question.png,Wall,"[""C""]",[],[]
00052,"You are playing the special billiard game. Initially there are no visible obstacles. After the 4th bounce, D appears and B appears. After the 5th bounce, D disappears and C appears. We make a momentary snapshot picture of the board when the ball hits something after the 2nd bounce. The question image shows the canonical board layout with all obstacle positions and layer ordering; use the legend to map colors to names. Answer the questions: 1) What is the object the ball hits at that moment? Options: ['A', 'B', 'C', 'D', 'Wall']. 2) List the names of visible objects at that moment. 3) Analyze only the visible objects that overlap with at least one other visible object at that moment: a) list their names; b) group and sort them into layers from bottom to top, e.g. [[A], [B]]. If there are no overlapping visible objects, return [] for both 3a and 3b.",images/00052_question.png,Wall,[],[],[]
00053,"You are playing the special billiard game. Initially there are no visible obstacles. After the 4th bounce, B appears and D appears. After the 5th bounce, A appears. We make a momentary snapshot picture of the board when the ball hits something after the 2nd bounce. The question image shows the canonical board layout with all obstacle positions and layer ordering; use the legend to map colors to names. Answer the questions: 1) What is the object the ball hits at that moment? Options: ['A', 'B', 'C', 'D', 'Wall']. 2) List the names of visible objects at that moment. 3) Analyze only the visible objects that overlap with at least one other visible object at that moment: a) list their names; b) group and sort them into layers from bottom to top, e.g. [[A], [B]]. If there are no overlapping visible objects, return [] for both 3a and 3b.",images/00053_question.png,Wall,[],[],[]
00054,"You are playing the special billiard game. Initially there are no visible obstacles. After the 1st bounce, B appears and C appears. After the 2nd bounce, C disappears and B disappears. After the 3rd bounce, C appears. After the 5th bounce, D appears and B appears. We make a momentary snapshot picture of the board when the ball hits something after the 2nd bounce. The question image shows the canonical board layout with all obstacle positions and layer ordering; use the legend to map colors to names. Answer the questions: 1) What is the object the ball hits at that moment? Options: ['A', 'B', 'C', 'D', 'Wall']. 2) List the names of visible objects at that moment. 3) Analyze only the visible objects that overlap with at least one other visible object at that moment: a) list their names; b) group and sort them into layers from bottom to top, e.g. [[A], [B]]. If there are no overlapping visible objects, return [] for both 3a and 3b.",images/00054_question.png,Wall,[],[],[]
00055,"You are playing the special billiard game. Initially there are no visible obstacles. After the 1st bounce, A appears. After the 2nd bounce, A disappears and C appears. After the 3rd bounce, A appears and C disappears. After the 4th bounce, B appears. We make a momentary snapshot picture of the board when the ball hits something after the 2nd bounce. The question image shows the canonical board layout with all obstacle positions and layer ordering; use the legend to map colors to names. Answer the questions: 1) What is the object the ball hits at that moment? Options: ['A', 'B', 'C', 'D', 'Wall']. 2) List the names of visible objects at that moment. 3) Analyze only the visible objects that overlap with at least one other visible object at that moment: a) list their names; b) group and sort them into layers from bottom to top, e.g. [[A], [B]]. If there are no overlapping visible objects, return [] for both 3a and 3b.",images/00055_question.png,C,"[""C""]",[],[]
00056,"You are playing the special billiard game. Initially visible obstacles: ['B']. After the 1st bounce, A appears and D appears. After the 2nd bounce, D disappears and B disappears. After the 5th bounce, A disappears and B disappears. We make a momentary snapshot picture of the board when the ball hits something after the 2nd bounce. The question image shows the canonical board layout with all obstacle positions and layer ordering; use the legend to map colors to names. Answer the questions: 1) What is the object the ball hits at that moment? Options: ['A', 'B', 'C', 'D', 'Wall']. 2) List the names of visible objects at that moment. 3) Analyze only the visible objects that overlap with at least one other visible object at that moment: a) list their names; b) group and sort them into layers from bottom to top, e.g. [[A], [B]]. If there are no overlapping visible objects, return [] for both 3a and 3b.",images/00056_question.png,Wall,"[""A"", ""B""]","[""A"", ""B""]","[[""A""], [""B""]]"
00057,"You are playing the special billiard game. Initially there are no visible obstacles. After the 1st bounce, D appears. After the 2nd bounce, D disappears. After the 3rd bounce, A appears. After the 4th bounce, A disappears. After the 5th bounce, C appears. We make a momentary snapshot picture of the board when the ball hits something after the 2nd bounce. The question image shows the canonical board layout with all obstacle positions and layer ordering; use the legend to map colors to names. Answer the questions: 1) What is the object the ball hits at that moment? Options: ['A', 'B', 'C', 'D', 'Wall']. 2) List the names of visible objects at that moment. 3) Analyze only the visible objects that overlap with at least one other visible object at that moment: a) list their names; b) group and sort them into layers from bottom to top, e.g. [[A], [B]]. If there are no overlapping visible objects, return [] for both 3a and 3b.",images/00057_question.png,Wall,[],[],[]
00058,"You are playing the special billiard game. Initially there are no visible obstacles. After the 1st bounce, B appears. After the 2nd bounce, C appears and B disappears. After the 3rd bounce, C disappears. After the 4th bounce, A appears and D appears. After the 5th bounce, C appears. We make a momentary snapshot picture of the board when the ball hits something after the 2nd bounce. The question image shows the canonical board layout with all obstacle positions and layer ordering; use the legend to map colors to names. Answer the questions: 1) What is the object the ball hits at that moment? Options: ['A', 'B', 'C', 'D', 'Wall']. 2) List the names of visible objects at that moment. 3) Analyze only the visible objects that overlap with at least one other visible object at that moment: a) list their names; b) group and sort them into layers from bottom to top, e.g. [[A], [B]]. If there are no overlapping visible objects, return [] for both 3a and 3b.",images/00058_question.png,C,"[""C""]",[],[]
00059,"You are playing the special billiard game. Initially there are no visible obstacles. After the 2nd bounce, C appears. After the 3rd bounce, D appears. After the 5th bounce, C disappears. We make a momentary snapshot picture of the board when the ball hits something after the 2nd bounce. The question image shows the canonical board layout with all obstacle positions and layer ordering; use the legend to map colors to names. Answer the questions: 1) What is the object the ball hits at that moment? Options: ['A', 'B', 'C', 'D', 'Wall']. 2) List the names of visible objects at that moment. 3) Analyze only the visible objects that overlap with at least one other visible object at that moment: a) list their names; b) group and sort them into layers from bottom to top, e.g. [[A], [B]]. If there are no overlapping visible objects, return [] for both 3a and 3b.",images/00059_question.png,Wall,"[""C""]",[],[]
00060,"You are playing the special billiard game. Initially there are no visible obstacles. After the 3rd bounce, C appears. After the 5th bounce, D appears. We make a momentary snapshot picture of the board when the ball hits something after the 2nd bounce. The question image shows the canonical board layout with all obstacle positions and layer ordering; use the legend to map colors to names. Answer the questions: 1) What is the object the ball hits at that moment? Options: ['A', 'B', 'C', 'D', 'Wall']. 2) List the names of visible objects at that moment. 3) Analyze only the visible objects that overlap with at least one other visible object at that moment: a) list their names; b) group and sort them into layers from bottom to top, e.g. [[A], [B]]. If there are no overlapping visible objects, return [] for both 3a and 3b.",images/00060_question.png,Wall,[],[],[]
00061,"You are playing the special billiard game. Initially there are no visible obstacles. After the 1st bounce, C appears and B appears. After the 2nd bounce, C disappears. After the 3rd bounce, B disappears and C appears. We make a momentary snapshot picture of the board when the ball hits something after the 2nd bounce. The question image shows the canonical board layout with all obstacle positions and layer ordering; use the legend to map colors to names. Answer the questions: 1) What is the object the ball hits at that moment? Options: ['A', 'B', 'C', 'D', 'Wall']. 2) List the names of visible objects at that moment. 3) Analyze only the visible objects that overlap with at least one other visible object at that moment: a) list their names; b) group and sort them into layers from bottom to top, e.g. [[A], [B]]. If there are no overlapping visible objects, return [] for both 3a and 3b.",images/00061_question.png,Wall,"[""B""]",[],[]
00062,"You are playing the special billiard game. Initially visible obstacles: ['B']. After the 2nd bounce, D appears. After the 3rd bounce, C appears. After the 4th bounce, D disappears and C disappears. We make a momentary snapshot picture of the board when the ball hits something after the 2nd bounce. The question image shows the canonical board layout with all obstacle positions and layer ordering; use the legend to map colors to names. Answer the questions: 1) What is the object the ball hits at that moment? Options: ['A', 'B', 'C', 'D', 'Wall']. 2) List the names of visible objects at that moment. 3) Analyze only the visible objects that overlap with at least one other visible object at that moment: a) list their names; b) group and sort them into layers from bottom to top, e.g. [[A], [B]]. If there are no overlapping visible objects, return [] for both 3a and 3b.",images/00062_question.png,Wall,"[""B"", ""D""]",[],[]
00063,"You are playing the special billiard game. Initially there are no visible obstacles. After the 2nd bounce, C appears. After the 3rd bounce, D appears and B appears. After the 5th bounce, D disappears. We make a momentary snapshot picture of the board when the ball hits something after the 2nd bounce. The question image shows the canonical board layout with all obstacle positions and layer ordering; use the legend to map colors to names. Answer the questions: 1) What is the object the ball hits at that moment? Options: ['A', 'B', 'C', 'D', 'Wall']. 2) List the names of visible objects at that moment. 3) Analyze only the visible objects that overlap with at least one other visible object at that moment: a) list their names; b) group and sort them into layers from bottom to top, e.g. [[A], [B]]. If there are no overlapping visible objects, return [] for both 3a and 3b.",images/00063_question.png,Wall,"[""C""]",[],[]
00064,"You are playing the special billiard game. Initially there are no visible obstacles. After the 3rd bounce, A appears and C appears. After the 4th bounce, A disappears. After the 5th bounce, D appears and A appears. We make a momentary snapshot picture of the board when the ball hits something after the 2nd bounce. The question image shows the canonical board layout with all obstacle positions and layer ordering; use the legend to map colors to names. Answer the questions: 1) What is the object the ball hits at that moment? Options: ['A', 'B', 'C', 'D', 'Wall']. 2) List the names of visible objects at that moment. 3) Analyze only the visible objects that overlap with at least one other visible object at that moment: a) list their names; b) group and sort them into layers from bottom to top, e.g. [[A], [B]]. If there are no overlapping visible objects, return [] for both 3a and 3b.",images/00064_question.png,Wall,[],[],[]
00065,"You are playing the special billiard game. Initially visible obstacles: ['B']. After the 1st bounce, C appears and A appears. After the 2nd bounce, D appears. After the 3rd bounce, A disappears and D disappears. After the 4th bounce, C disappears. After the 5th bounce, D appears. We make a momentary snapshot picture of the board when the ball hits something after the 2nd bounce. The question image shows the canonical board layout with all obstacle positions and layer ordering; use the legend to map colors to names. Answer the questions: 1) What is the object the ball hits at that moment? Options: ['A', 'B', 'C', 'D', 'Wall']. 2) List the names of visible objects at that moment. 3) Analyze only the visible objects that overlap with at least one other visible object at that moment: a) list their names; b) group and sort them into layers from bottom to top, e.g. [[A], [B]]. If there are no overlapping visible objects, return [] for both 3a and 3b.",images/00065_question.png,A,"[""A"", ""B"", ""C"", ""D""]","[""A"", ""B"", ""C"", ""D""]","[[""D""], [""B""], [""A""], [""C""]]"
00066,"You are playing the special billiard game. Initially visible obstacles: ['B']. After the 1st bounce, A appears and D appears. After the 2nd bounce, C appears. After the 3rd bounce, D disappears and A disappears. After the 5th bounce, A appears. We make a momentary snapshot picture of the board when the ball hits something after the 2nd bounce. The question image shows the canonical board layout with all obstacle positions and layer ordering; use the legend to map colors to names. Answer the questions: 1) What is the object the ball hits at that moment? Options: ['A', 'B', 'C', 'D', 'Wall']. 2) List the names of visible objects at that moment. 3) Analyze only the visible objects that overlap with at least one other visible object at that moment: a) list their names; b) group and sort them into layers from bottom to top, e.g. [[A], [B]]. If there are no overlapping visible objects, return [] for both 3a and 3b.",images/00066_question.png,Wall,"[""A"", ""B"", ""C"", ""D""]","[""A"", ""B"", ""C"", ""D""]","[[""D""], [""A""], [""B""], [""C""]]"
00067,"You are playing the special billiard game. Initially visible obstacles: ['B']. After the 1st bounce, B disappears and D appears. After the 2nd bounce, D disappears. After the 3rd bounce, B disappears. After the 4th bounce, B disappears. We make a momentary snapshot picture of the board when the ball hits something after the 2nd bounce. The question image shows the canonical board layout with all obstacle positions and layer ordering; use the legend to map colors to names. Answer the questions: 1) What is the object the ball hits at that moment? Options: ['A', 'B', 'C', 'D', 'Wall']. 2) List the names of visible objects at that moment. 3) Analyze only the visible objects that overlap with at least one other visible object at that moment: a) list their names; b) group and sort them into layers from bottom to top, e.g. [[A], [B]]. If there are no overlapping visible objects, return [] for both 3a and 3b.",images/00067_question.png,Wall,"[""B""]",[],[]
00068,"You are playing the special billiard game. Initially there are no visible obstacles. After the 1st bounce, C appears. After the 2nd bounce, B appears. After the 3rd bounce, C disappears. After the 4th bounce, A appears. After the 5th bounce, D appears. We make a momentary snapshot picture of the board when the ball hits something after the 2nd bounce. The question image shows the canonical board layout with all obstacle positions and layer ordering; use the legend to map colors to names. Answer the questions: 1) What is the object the ball hits at that moment? Options: ['A', 'B', 'C', 'D', 'Wall']. 2) List the names of visible objects at that moment. 3) Analyze only the visible objects that overlap with at least one other visible object at that moment: a) list their names; b) group and sort them into layers from bottom to top, e.g. [[A], [B]]. If there are no overlapping visible objects, return [] for both 3a and 3b.",images/00068_question.png,C,"[""B"", ""C""]","[""B"", ""C""]","[[""B""], [""C""]]"
00069,"You are playing the special billiard game. Initially there are no visible obstacles. After the 4th bounce, A appears. After the 5th bounce, B appears. We make a momentary snapshot picture of the board when the ball hits something after the 2nd bounce. The question image shows the canonical board layout with all obstacle positions and layer ordering; use the legend to map colors to names. Answer the questions: 1) What is the object the ball hits at that moment? Options: ['A', 'B', 'C', 'D', 'Wall']. 2) List the names of visible objects at that moment. 3) Analyze only the visible objects that overlap with at least one other visible object at that moment: a) list their names; b) group and sort them into layers from bottom to top, e.g. [[A], [B]]. If there are no overlapping visible objects, return [] for both 3a and 3b.",images/00069_question.png,Wall,[],[],[]
00070,"You are playing the special billiard game. Initially there are no visible obstacles. After the 1st bounce, C appears. After the 2nd bounce, A appears and D appears. After the 3rd bounce, A disappears and D disappears. After the 4th bounce, A appears and B appears. After the 5th bounce, D appears and C disappears. We make a momentary snapshot picture of the board when the ball hits something after the 2nd bounce. The question image shows the canonical board layout with all obstacle positions and layer ordering; use the legend to map colors to names. Answer the questions: 1) What is the object the ball hits at that moment? Options: ['A', 'B', 'C', 'D', 'Wall']. 2) List the names of visible objects at that moment. 3) Analyze only the visible objects that overlap with at least one other visible object at that moment: a) list their names; b) group and sort them into layers from bottom to top, e.g. [[A], [B]]. If there are no overlapping visible objects, return [] for both 3a and 3b.",images/00070_question.png,Wall,"[""A"", ""C"", ""D""]",[],[]
00071,"You are playing the special billiard game. Initially there are no visible obstacles. After the 2nd bounce, D appears. After the 3rd bounce, C appears and D disappears. After the 4th bounce, C disappears. After the 5th bounce, A appears and D appears. We make a momentary snapshot picture of the board when the ball hits something after the 2nd bounce. The question image shows the canonical board layout with all obstacle positions and layer ordering; use the legend to map colors to names. Answer the questions: 1) What is the object the ball hits at that moment? Options: ['A', 'B', 'C', 'D', 'Wall']. 2) List the names of visible objects at that moment. 3) Analyze only the visible objects that overlap with at least one other visible object at that moment: a) list their names; b) group and sort them into layers from bottom to top, e.g. [[A], [B]]. If there are no overlapping visible objects, return [] for both 3a and 3b.",images/00071_question.png,D,"[""D""]",[],[]
00072,"You are playing the special billiard game. Initially there are no visible obstacles. After the 2nd bounce, B appears. After the 3rd bounce, B disappears and C appears. After the 5th bounce, B appears and D appears. We make a momentary snapshot picture of the board when the ball hits something after the 2nd bounce. The question image shows the canonical board layout with all obstacle positions and layer ordering; use the legend to map colors to names. Answer the questions: 1) What is the object the ball hits at that moment? Options: ['A', 'B', 'C', 'D', 'Wall']. 2) List the names of visible objects at that moment. 3) Analyze only the visible objects that overlap with at least one other visible object at that moment: a) list their names; b) group and sort them into layers from bottom to top, e.g. [[A], [B]]. If there are no overlapping visible objects, return [] for both 3a and 3b.",images/00072_question.png,Wall,"[""B""]",[],[]
00073,"You are playing the special billiard game. Initially there are no visible obstacles. After the 1st bounce, C appears and A appears. After the 2nd bounce, C disappears. After the 3rd bounce, C appears and D appears. After the 4th bounce, A disappears and B appears. After the 5th bounce, C disappears. We make a momentary snapshot picture of the board when the ball hits something after the 2nd bounce. The question image shows the canonical board layout with all obstacle positions and layer ordering; use the legend to map colors to names. Answer the questions: 1) What is the object the ball hits at that moment? Options: ['A', 'B', 'C', 'D', 'Wall']. 2) List the names of visible objects at that moment. 3) Analyze only the visible objects that overlap with at least one other visible object at that moment: a) list their names; b) group and sort them into layers from bottom to top, e.g. [[A], [B]]. If there are no overlapping visible objects, return [] for both 3a and 3b.",images/00073_question.png,Wall,"[""A""]",[],[]
00074,"You are playing the special billiard game. Initially there are no visible obstacles. After the 4th bounce, C appears. After the 5th bounce, B appears and A appears. We make a momentary snapshot picture of the board when the ball hits something after the 2nd bounce. The question image shows the canonical board layout with all obstacle positions and layer ordering; use the legend to map colors to names. Answer the questions: 1) What is the object the ball hits at that moment? Options: ['A', 'B', 'C', 'D', 'Wall']. 2) List the names of visible objects at that moment. 3) Analyze only the visible objects that overlap with at least one other visible object at that moment: a) list their names; b) group and sort them into layers from bottom to top, e.g. [[A], [B]]. If there are no overlapping visible objects, return [] for both 3a and 3b.",images/00074_question.png,Wall,[],[],[]
00075,"You are playing the special billiard game. Initially there are no visible obstacles. After the 2nd bounce, D appears. After the 3rd bounce, D disappears and C appears. After the 4th bounce, D appears. After the 5th bounce, D disappears and C disappears. We make a momentary snapshot picture of the board when the ball hits something after the 2nd bounce. The question image shows the canonical board layout with all obstacle positions and layer ordering; use the legend to map colors to names. Answer the questions: 1) What is the object the ball hits at that moment? Options: ['A', 'B', 'C', 'D', 'Wall']. 2) List the names of visible objects at that moment. 3) Analyze only the visible objects that overlap with at least one other visible object at that moment: a) list their names; b) group and sort them into layers from bottom to top, e.g. [[A], [B]]. If there are no overlapping visible objects, return [] for both 3a and 3b.",images/00075_question.png,D,"[""D""]",[],[]
00076,"You are playing the special billiard game. Initially there are no visible obstacles. After the 2nd bounce, A appears. After the 3rd bounce, C appears. After the 4th bounce, D appears and C disappears. After the 5th bounce, B appears. We make a momentary snapshot picture of the board when the ball hits something after the 2nd bounce. The question image shows the canonical board layout with all obstacle positions and layer ordering; use the legend to map colors to names. Answer the questions: 1) What is the object the ball hits at that moment? Options: ['A', 'B', 'C', 'D', 'Wall']. 2) List the names of visible objects at that moment. 3) Analyze only the visible objects that overlap with at least one other visible object at that moment: a) list their names; b) group and sort them into layers from bottom to top, e.g. [[A], [B]]. If there are no overlapping visible objects, return [] for both 3a and 3b.",images/00076_question.png,Wall,"[""A""]",[],[]
00077,"You are playing the special billiard game. Initially there are no visible obstacles. After the 1st bounce, A appears. After the 2nd bounce, D appears. After the 3rd bounce, D disappears and A disappears. We make a momentary snapshot picture of the board when the ball hits something after the 2nd bounce. The question image shows the canonical board layout with all obstacle positions and layer ordering; use the legend to map colors to names. Answer the questions: 1) What is the object the ball hits at that moment? Options: ['A', 'B', 'C', 'D', 'Wall']. 2) List the names of visible objects at that moment. 3) Analyze only the visible objects that overlap with at least one other visible object at that moment: a) list their names; b) group and sort them into layers from bottom to top, e.g. [[A], [B]]. If there are no overlapping visible objects, return [] for both 3a and 3b.",images/00077_question.png,D,"[""A"", ""D""]","[""A"", ""D""]","[[""A""], [""D""]]"
00078,"You are playing the special billiard game. Initially visible obstacles: ['A']. After the 1st bounce, C appears. After the 2nd bounce, C disappears and D appears. After the 3rd bounce, D disappears. After the 4th bounce, B appears and C appears. After the 5th bounce, D appears. We make a momentary snapshot picture of the board when the ball hits something after the 2nd bounce. The question image shows the canonical board layout with all obstacle positions and layer ordering; use the legend to map colors to names. Answer the questions: 1) What is the object the ball hits at that moment? Options: ['A', 'B', 'C', 'D', 'Wall']. 2) List the names of visible objects at that moment. 3) Analyze only the visible objects that overlap with at least one other visible object at that moment: a) list their names; b) group and sort them into layers from bottom to top, e.g. [[A], [B]]. If there are no overlapping visible objects, return [] for both 3a and 3b.",images/00078_question.png,D,"[""A"", ""D""]","[""A"", ""D""]","[[""D""], [""A""]]"
00079,"You are playing the special billiard game. Initially visible obstacles: ['C']. After the 1st bounce, A appears and B appears. After the 2nd bounce, A disappears and B disappears. After the 3rd bounce, D appears and A appears. After the 4th bounce, A disappears. We make a momentary snapshot picture of the board when the ball hits something after the 2nd bounce. The question image shows the canonical board layout with all obstacle positions and layer ordering; use the legend to map colors to names. Answer the questions: 1) What is the object the ball hits at that moment? Options: ['A', 'B', 'C', 'D', 'Wall']. 2) List the names of visible objects at that moment. 3) Analyze only the visible objects that overlap with at least one other visible object at that moment: a) list their names; b) group and sort them into layers from bottom to top, e.g. [[A], [B]]. If there are no overlapping visible objects, return [] for both 3a and 3b.",images/00079_question.png,Wall,"[""C""]",[],[]
00080,"You are playing the special billiard game. Initially there are no visible obstacles. After the 4th bounce, D appears and C appears. We make a momentary snapshot picture of the board when the ball hits something after the 2nd bounce. The question image shows the canonical board layout with all obstacle positions and layer ordering; use the legend to map colors to names. Answer the questions: 1) What is the object the ball hits at that moment? Options: ['A', 'B', 'C', 'D', 'Wall']. 2) List the names of visible objects at that moment. 3) Analyze only the visible objects that overlap with at least one other visible object at that moment: a) list their names; b) group and sort them into layers from bottom to top, e.g. [[A], [B]]. If there are no overlapping visible objects, return [] for both 3a and 3b.",images/00080_question.png,Wall,[],[],[]
00081,"You are playing the special billiard game. Initially there are no visible obstacles. After the 2nd bounce, B appears and D appears. After the 3rd bounce, C appears and D disappears. After the 4th bounce, C disappears. After the 5th bounce, D appears and C appears. We make a momentary snapshot picture of the board when the ball hits something after the 2nd bounce. The question image shows the canonical board layout with all obstacle positions and layer ordering; use the legend to map colors to names. Answer the questions: 1) What is the object the ball hits at that moment? Options: ['A', 'B', 'C', 'D', 'Wall']. 2) List the names of visible objects at that moment. 3) Analyze only the visible objects that overlap with at least one other visible object at that moment: a) list their names; b) group and sort them into layers from bottom to top, e.g. [[A], [B]]. If there are no overlapping visible objects, return [] for both 3a and 3b.",images/00081_question.png,D,"[""B"", ""D""]","[""B"", ""D""]","[[""B""], [""D""]]"
00082,"You are playing the special billiard game. Initially visible obstacles: ['B']. After the 1st bounce, C appears. After the 3rd bounce, C disappears and D appears. After the 5th bounce, D disappears. We make a momentary snapshot picture of the board when the ball hits something after the 2nd bounce. The question image shows the canonical board layout with all obstacle positions and layer ordering; use the legend to map colors to names. Answer the questions: 1) What is the object the ball hits at that moment? Options: ['A', 'B', 'C', 'D', 'Wall']. 2) List the names of visible objects at that moment. 3) Analyze only the visible objects that overlap with at least one other visible object at that moment: a) list their names; b) group and sort them into layers from bottom to top, e.g. [[A], [B]]. If there are no overlapping visible objects, return [] for both 3a and 3b.",images/00082_question.png,C,"[""B"", ""C""]",[],[]
00083,"You are playing the special billiard game. Initially visible obstacles: ['D']. After the 1st bounce, B appears and A appears. After the 2nd bounce, C appears. After the 3rd bounce, D disappears. After the 4th bounce, D disappears and B disappears. After the 5th bounce, A disappears. We make a momentary snapshot picture of the board when the ball hits something after the 2nd bounce. The question image shows the canonical board layout with all obstacle positions and layer ordering; use the legend to map colors to names. Answer the questions: 1) What is the object the ball hits at that moment? Options: ['A', 'B', 'C', 'D', 'Wall']. 2) List the names of visible objects at that moment. 3) Analyze only the visible objects that overlap with at least one other visible object at that moment: a) list their names; b) group and sort them into layers from bottom to top, e.g. [[A], [B]]. If there are no overlapping visible objects, return [] for both 3a and 3b.",images/00083_question.png,Wall,"[""A"", ""B"", ""C"", ""D""]","[""A"", ""B"", ""C"", ""D""]","[[""A""], [""D""], [""C""], [""B""]]"
00084,"You are playing the special billiard game. Initially there are no visible obstacles. After the 1st bounce, B appears. After the 2nd bounce, B disappears. After the 3rd bounce, A appears. After the 5th bounce, D appears. We make a momentary snapshot picture of the board when the ball hits something after the 2nd bounce. The question image shows the canonical board layout with all obstacle positions and layer ordering; use the legend to map colors to names. Answer the questions: 1) What is the object the ball hits at that moment? Options: ['A', 'B', 'C', 'D', 'Wall']. 2) List the names of visible objects at that moment. 3) Analyze only the visible objects that overlap with at least one other visible object at that moment: a) list their names; b) group and sort them into layers from bottom to top, e.g. [[A], [B]]. If there are no overlapping visible objects, return [] for both 3a and 3b.",images/00084_question.png,Wall,[],[],[]
00085,"You are playing the special billiard game. Initially there are no visible obstacles. After the 1st bounce, C appears and D appears. After the 2nd bounce, C disappears. After the 3rd bounce, D disappears. After the 4th bounce, A appears. We make a momentary snapshot picture of the board when the ball hits something after the 2nd bounce. The question image shows the canonical board layout with all obstacle positions and layer ordering; use the legend to map colors to names. Answer the questions: 1) What is the object the ball hits at that moment? Options: ['A', 'B', 'C', 'D', 'Wall']. 2) List the names of visible objects at that moment. 3) Analyze only the visible objects that overlap with at least one other visible object at that moment: a) list their names; b) group and sort them into layers from bottom to top, e.g. [[A], [B]]. If there are no overlapping visible objects, return [] for both 3a and 3b.",images/00085_question.png,D,"[""D""]",[],[]
00086,"You are playing the special billiard game. Initially there are no visible obstacles. After the 1st bounce, D appears. After the 2nd bounce, D disappears. After the 3rd bounce, B appears. After the 4th bounce, B disappears. After the 5th bounce, A appears. We make a momentary snapshot picture of the board when the ball hits something after the 2nd bounce. The question image shows the canonical board layout with all obstacle positions and layer ordering; use the legend to map colors to names. Answer the questions: 1) What is the object the ball hits at that moment? Options: ['A', 'B', 'C', 'D', 'Wall']. 2) List the names of visible objects at that moment. 3) Analyze only the visible objects that overlap with at least one other visible object at that moment: a) list their names; b) group and sort them into layers from bottom to top, e.g. [[A], [B]]. If there are no overlapping visible objects, return [] for both 3a and 3b.",images/00086_question.png,Wall,[],[],[]
00087,"You are playing the special billiard game. Initially visible obstacles: ['A']. After the 1st bounce, D appears. After the 2nd bounce, D disappears. We make a momentary snapshot picture of the board when the ball hits something after the 2nd bounce. The question image shows the canonical board layout with all obstacle positions and layer ordering; use the legend to map colors to names. Answer the questions: 1) What is the object the ball hits at that moment? Options: ['A', 'B', 'C', 'D', 'Wall']. 2) List the names of visible objects at that moment. 3) Analyze only the visible objects that overlap with at least one other visible object at that moment: a) list their names; b) group and sort them into layers from bottom to top, e.g. [[A], [B]]. If there are no overlapping visible objects, return [] for both 3a and 3b.",images/00087_question.png,Wall,"[""A""]",[],[]
00088,"You are playing the special billiard game. Initially there are no visible obstacles. After the 3rd bounce, B appears and A appears. After the 4th bounce, C appears. After the 5th bounce, D appears and B disappears. We make a momentary snapshot picture of the board when the ball hits something after the 2nd bounce. The question image shows the canonical board layout with all obstacle positions and layer ordering; use the legend to map colors to names. Answer the questions: 1) What is the object the ball hits at that moment? Options: ['A', 'B', 'C', 'D', 'Wall']. 2) List the names of visible objects at that moment. 3) Analyze only the visible objects that overlap with at least one other visible object at that moment: a) list their names; b) group and sort them into layers from bottom to top, e.g. [[A], [B]]. If there are no overlapping visible objects, return [] for both 3a and 3b.",images/00088_question.png,Wall,[],[],[]
00089,"You are playing the special billiard game. Initially there are no visible obstacles. After the 2nd bounce, D appears. After the 3rd bounce, A appears. After the 4th bounce, C appears. After the 5th bounce, B appears. We make a momentary snapshot picture of the board when the ball hits something after the 2nd bounce. The question image shows the canonical board layout with all obstacle positions and layer ordering; use the legend to map colors to names. Answer the questions: 1) What is the object the ball hits at that moment? Options: ['A', 'B', 'C', 'D', 'Wall']. 2) List the names of visible objects at that moment. 3) Analyze only the visible objects that overlap with at least one other visible object at that moment: a) list their names; b) group and sort them into layers from bottom to top, e.g. [[A], [B]]. If there are no overlapping visible objects, return [] for both 3a and 3b.",images/00089_question.png,Wall,"[""D""]",[],[]
00090,"You are playing the special billiard game. Initially there are no visible obstacles. After the 5th bounce, A appears and B appears. We make a momentary snapshot picture of the board when the ball hits something after the 2nd bounce. The question image shows the canonical board layout with all obstacle positions and layer ordering; use the legend to map colors to names. Answer the questions: 1) What is the object the ball hits at that moment? Options: ['A', 'B', 'C', 'D', 'Wall']. 2) List the names of visible objects at that moment. 3) Analyze only the visible objects that overlap with at least one other visible object at that moment: a) list their names; b) group and sort them into layers from bottom to top, e.g. [[A], [B]]. If there are no overlapping visible objects, return [] for both 3a and 3b.",images/00090_question.png,Wall,[],[],[]
00091,"You are playing the special billiard game. Initially visible obstacles: ['C']. After the 4th bounce, A appears. After the 5th bounce, C disappears. We make a momentary snapshot picture of the board when the ball hits something after the 2nd bounce. The question image shows the canonical board layout with all obstacle positions and layer ordering; use the legend to map colors to names. Answer the questions: 1) What is the object the ball hits at that moment? Options: ['A', 'B', 'C', 'D', 'Wall']. 2) List the names of visible objects at that moment. 3) Analyze only the visible objects that overlap with at least one other visible object at that moment: a) list their names; b) group and sort them into layers from bottom to top, e.g. [[A], [B]]. If there are no overlapping visible objects, return [] for both 3a and 3b.",images/00091_question.png,Wall,"[""C""]",[],[]
00092,"You are playing the special billiard game. Initially visible obstacles: ['B']. After the 1st bounce, C appears. After the 2nd bounce, C disappears. After the 4th bounce, A appears and D appears. After the 5th bounce, C appears. We make a momentary snapshot picture of the board when the ball hits something after the 2nd bounce. The question image shows the canonical board layout with all obstacle positions and layer ordering; use the legend to map colors to names. Answer the questions: 1) What is the object the ball hits at that moment? Options: ['A', 'B', 'C', 'D', 'Wall']. 2) List the names of visible objects at that moment. 3) Analyze only the visible objects that overlap with at least one other visible object at that moment: a) list their names; b) group and sort them into layers from bottom to top, e.g. [[A], [B]]. If there are no overlapping visible objects, return [] for both 3a and 3b.",images/00092_question.png,Wall,"[""B""]",[],[]
00093,"You are playing the special billiard game. Initially visible obstacles: ['C']. After the 1st bounce, A appears. After the 2nd bounce, A disappears. After the 3rd bounce, D appears. After the 4th bounce, B appears. We make a momentary snapshot picture of the board when the ball hits something after the 2nd bounce. The question image shows the canonical board layout with all obstacle positions and layer ordering; use the legend to map colors to names. Answer the questions: 1) What is the object the ball hits at that moment? Options: ['A', 'B', 'C', 'D', 'Wall']. 2) List the names of visible objects at that moment. 3) Analyze only the visible objects that overlap with at least one other visible object at that moment: a) list their names; b) group and sort them into layers from bottom to top, e.g. [[A], [B]]. If there are no overlapping visible objects, return [] for both 3a and 3b.",images/00093_question.png,Wall,"[""C""]",[],[]
00094,"You are playing the special billiard game. Initially visible obstacles: ['D']. After the 1st bounce, A appears. After the 2nd bounce, A disappears. After the 4th bounce, B appears. After the 5th bounce, C appears and B disappears. We make a momentary snapshot picture of the board when the ball hits something after the 2nd bounce. The question image shows the canonical board layout with all obstacle positions and layer ordering; use the legend to map colors to names. Answer the questions: 1) What is the object the ball hits at that moment? Options: ['A', 'B', 'C', 'D', 'Wall']. 2) List the names of visible objects at that moment. 3) Analyze only the visible objects that overlap with at least one other visible object at that moment: a) list their names; b) group and sort them into layers from bottom to top, e.g. [[A], [B]]. If there are no overlapping visible objects, return [] for both 3a and 3b.",images/00094_question.png,Wall,"[""D""]",[],[]
00095,"You are playing the special billiard game. Initially visible obstacles: ['A']. After the 2nd bounce, A disappears and B appears. After the 4th bounce, D appears. After the 5th bounce, D disappears and C appears. We make a momentary snapshot picture of the board when the ball hits something after the 2nd bounce. The question image shows the canonical board layout with all obstacle positions and layer ordering; use the legend to map colors to names. Answer the questions: 1) What is the object the ball hits at that moment? Options: ['A', 'B', 'C', 'D', 'Wall']. 2) List the names of visible objects at that moment. 3) Analyze only the visible objects that overlap with at least one other visible object at that moment: a) list their names; b) group and sort them into layers from bottom to top, e.g. [[A], [B]]. If there are no overlapping visible objects, return [] for both 3a and 3b.",images/00095_question.png,Wall,"[""A"", ""B""]","[""A"", ""B""]","[[""B""], [""A""]]"
00096,"You are playing the special billiard game. Initially there are no visible obstacles. After the 2nd bounce, C appears. After the 3rd bounce, C disappears. After the 4th bounce, B appears. After the 5th bounce, D appears and B disappears. We make a momentary snapshot picture of the board when the ball hits something after the 2nd bounce. The question image shows the canonical board layout with all obstacle positions and layer ordering; use the legend to map colors to names. Answer the questions: 1) What is the object the ball hits at that moment? Options: ['A', 'B', 'C', 'D', 'Wall']. 2) List the names of visible objects at that moment. 3) Analyze only the visible objects that overlap with at least one other visible object at that moment: a) list their names; b) group and sort them into layers from bottom to top, e.g. [[A], [B]]. If there are no overlapping visible objects, return [] for both 3a and 3b.",images/00096_question.png,Wall,"[""C""]",[],[]
00097,"You are playing the special billiard game. Initially there are no visible obstacles. After the 1st bounce, B appears. After the 2nd bounce, C appears. After the 3rd bounce, B disappears and A appears. After the 4th bounce, A disappears. After the 5th bounce, D appears. We make a momentary snapshot picture of the board when the ball hits something after the 2nd bounce. The question image shows the canonical board layout with all obstacle positions and layer ordering; use the legend to map colors to names. Answer the questions: 1) What is the object the ball hits at that moment? Options: ['A', 'B', 'C', 'D', 'Wall']. 2) List the names of visible objects at that moment. 3) Analyze only the visible objects that overlap with at least one other visible object at that moment: a) list their names; b) group and sort them into layers from bottom to top, e.g. [[A], [B]]. If there are no overlapping visible objects, return [] for both 3a and 3b.",images/00097_question.png,Wall,"[""B"", ""C""]","[""B"", ""C""]","[[""B""], [""C""]]"
00098,"You are playing the special billiard game. Initially visible obstacles: ['B']. After the 2nd bounce, C appears. After the 3rd bounce, C disappears. After the 4th bounce, A appears. We make a momentary snapshot picture of the board when the ball hits something after the 2nd bounce. The question image shows the canonical board layout with all obstacle positions and layer ordering; use the legend to map colors to names. Answer the questions: 1) What is the object the ball hits at that moment? Options: ['A', 'B', 'C', 'D', 'Wall']. 2) List the names of visible objects at that moment. 3) Analyze only the visible objects that overlap with at least one other visible object at that moment: a) list their names; b) group and sort them into layers from bottom to top, e.g. [[A], [B]]. If there are no overlapping visible objects, return [] for both 3a and 3b.",images/00098_question.png,C,"[""B"", ""C""]","[""B"", ""C""]","[[""C""], [""B""]]"
00099,"You are playing the special billiard game. Initially there are no visible obstacles. After the 1st bounce, D appears and A appears. After the 2nd bounce, A disappears and D disappears. After the 4th bounce, C appears. We make a momentary snapshot picture of the board when the ball hits something after the 2nd bounce. The question image shows the canonical board layout with all obstacle positions and layer ordering; use the legend to map colors to names. Answer the questions: 1) What is the object the ball hits at that moment? Options: ['A', 'B', 'C', 'D', 'Wall']. 2) List the names of visible objects at that moment. 3) Analyze only the visible objects that overlap with at least one other visible object at that moment: a) list their names; b) group and sort them into layers from bottom to top, e.g. [[A], [B]]. If there are no overlapping visible objects, return [] for both 3a and 3b.",images/00099_question.png,Wall,[],[],[]
